text,preprocessed_tokens,preprocessed_text,places,cluster
q 2795.000000 0 0 4437.000000 0 0 cm /image Do Q q 2795.000000 0 0 4437.000000 0 0 cm /image Do Q q 2795.000000 0 0 4437.000000 0 0 cm /image Do Q q 2795.000000 0 0 4437.000000 0 0 cm /image Do Q q 2795.000000 0 0 4437.000000 0 0 cm /image Do Q q 2795.000000 0 0 4437.000000 0 0 cm /image Do Q q 2795.000000 0 0 4437.000000 0 0 cm /image Do Q q 2795.000000 0 0 4437.000000 0 0 cm /image Do Q q 2795.000000 0 0 4437.000000 0 0 cm /image Do Q q 2795.000000 0 0 4437.000000 0 0 cm /image Do Q q 2795.000000 0 0 4437.000000 0 0 cm /image Do Q q 2795.000000 0 0 4437.000000 0 0 cm /image Do Q,[],,[],unknown
